,names
0,VokesFiltration
1,ZAClimateNews
2,ajayatheist2241
3,Waynevdk
4,Radio702
5,Chillventa
6,HVACR_Online
7,Mining_Online
8,DallasGoldswain
9,EngNewsZA
10,yazdmechanical
11,VaalAirPurifica
12,greenbuildinguy
13,IFATAfrica
14,thewealthroyal
15,laditlhatlha
16,ZAClimateAction
17,Pfunziee
18,PaulTArkwright
19,TAST_SA
20,hlengz_hms
21,jane__eden
22,NejatSahar
23,mathiaspicker
24,lowcausse
25,TC_Africa
26,benllewellynjo1
27,jwadesmith1
28,Zizi_maj
29,Aitch_El
30,Pendag6
31,MariaPo92466530
32,Eco1stArt
33,OurFutureBot
34,grizeldatee1
35,G_tharmaratnam
36,Prarthana_AKKKS
37,jayanthk26
38,AequalitasCP
39,EUChamber_SSA
40,maremadorah
41,wisolarco
42,sikitimedia
43,GGA_org
44,GoodestSam
45,ChangeAgentSA
46,GenderCcsa
47,AmbCHENXiaodong
48,normanpayne73
49,SolidGreen_SA
50,PUStudiesFood
51,melonsodaface
52,tsoprano8
53,Shumi_kb
54,kirstblair
55,NickolausBauer
56,susie_lastname
57,thecatsmeow_17
58,sejorg
59,CC_Yale
60,OldSaukRiver
61,RogerPa37808888
62,heather63262308
63,motherearthbot
64,MCCindy64
65,manymoremiles
66,jimboneberg
67,Tahuti2020
68,ChristineKeys6
69,MJosling53
70,lokoamor57
71,enoch0123
72,lightseeker22
73,WiFi_NY
74,bearlymade_it
75,tigrajulia
76,Stevenalexkarr
77,lisanoel1968
78,pw_pwd
79,bud_ward
80,jeff_meyer
81,counsellor1956
82,guadoroca
83,jurylady5
84,Ted18641
85,KidsWithStyle
86,__e_m_v__
87,nancyquinn
88,DickesonPeter
89,chrisatchs
90,RobZ01216561
91,goldenerin
92,hommebot200
93,muumi_tweets
94,DangerBonesA
95,2018Mss
96,AlysonGerwe
97,vonsfranzi
98,lara_lazar
99,LizOC08
100,ocotillogypsy
101,laurecker
102,flyhyland
103,MrMBowie
104,markcsoup
105,jpleasantjp
106,BruceMcF
107,michaelscally
108,KatieKofemug
109,sara80elmi
110,croke_david
111,marinadematteis
112,notsoorigina
113,LettersLaurie
114,DavidLrsn
115,svp7
116,sabkay_1893
117,H50Europe
118,MountainGreener
119,DisabledWorld
120,MariaSammutMasc
121,jlparkerart
122,sundanz63
123,dizzydezzi2010
124,rosebudsma
125,Resistance_Mia
126,pcrod
127,NatalieWatson09
128,A_sick_world
129,snapdaily05
130,FMAlchemist
131,Tybalt_40
132,CitizenKayS
133,RebeccaKate_5
134,BarrieAnnMason1
135,thereisawayjose
136,SparkleyJane
137,shashikantupadh
138,BlueStormComin1
139,FeinesMaedchen
140,godsmack4ever
141,PammysParcels
142,tparsli
143,PaPeekaboo
144,Pravduh15
145,Mxstr76ArmyMom
146,DvsBlack
147,Jerseyscorpio
148,jmf0926
149,upsight321
150,Troy2k
151,IowaLady_
152,DoctoraVania
153,Stephan04195277
154,tcely
155,akdazed
156,JavierFeFe1
157,lincolncrew
158,TiffGorton
159,LAURAda28051967
160,scsdjjaa
161,crpswarrior1
162,kuklamu_71
163,Fgh22Gill
164,SherrySweetman
165,Deivyt
166,Pilots_mum
167,TheChildrenHour
168,disasterpastor
169,TimListerCNN
170,PSuiteNetwork
171,betrsy1
172,covid19hq1
173,dipjoy2
174,Euan_MacDonald
175,LawrenceConnol2
176,LesleyW31795004
177,drizz68
178,tfilson59
179,sgekar
180,davidcondo
181,zodjiark
182,DDinKY2000
183,OttawaNewsToday
184,SpryWit
185,lori_australia
186,strid8
187,ArunDasgupta3
188,calsandy
189,Sil3ntH33l
190,DrEricDing
191,betty_wabunoha
192,JigarShahDC
193,YendeMarcia
194,powhatanms
195,gypsum
196,bluetreebanquet
197,Billylittlebit
198,boikanyogroup
199,KayCi900
200,healerkenneth
201,JEDIntermediary
202,EdO_Keefe
203,CAAS_ACEA
204,jccwrt
205,orogenGT
206,UNDPLesotho
207,Nkanyiso_ngqulu
208,JustineLimLaw
209,WarrenNebe
210,linley_sa
211,progressive_va
212,gerstkitty
213,BpNomvula
214,CenGenZA
215,LesothoJohn
216,AnneMacroUK
217,SuperEbza
218,IsabelZA
219,ukinsouthafrica
220,NigelCaseyHC
221,Corr_Concepts
222,jtf326
223,InertiaMatters
224,MTsuene
225,DigitalLesotho
226,alaalumni_
227,carinavr
228,Africa_evidence
229,WitsGCI
230,lysajohn
231,EMMR_eSwatini
232,Wits_E
233,maurningstar
234,NewFrame_News
235,ClimateGroup
236,lcookson3
237,WRDwatermatters
238,molebzrocks
239,ClimateChangePa
240,ShabbaNkululeko
241,sszonke
242,SAIIA_info
243,CedricdeConing
244,Siderop
245,GCAPSENEGAL1
246,CIVICUSalliance
247,Working4Climate
248,RocketTshidi
249,choi_afdb
250,kzngov
251,Nicky_Rehbock
252,CRIDFprogramme
253,imagine_garden
254,MichaelButschek
255,kateonthinice
256,patilsaurabh633
257,BenvAZA
258,Ideas4A
259,Aj_Sipriano
260,clubOmozambique
261,rovumo
262,michaelbelljr
263,360_advisory
264,cmaroleng
265,de_clone
266,BioLumenZA
267,pawpaw_ray
268,ChrisMaroleng
269,TrustTruth5
270,pierrejlucas
271,fightplastic4
272,PMeyfroidt
273,susan_scott
274,RhinoBlog
275,STROOP_film
276,Bonne_de_Bod
277,SaturdayStar
278,bookeasytravels
279,SusanGValentine
280,jayjay93990174
281,travelcomments
282,JuliaRArevalo
283,IAOMT
284,KimLudbrook
285,ebase_africa
286,Laurenz_ml
287,Roberto_EUBXL
288,arunabolaky
289,AthiGeleba
290,mbali46736513
291,MACS_auto
292,Modderbok
293,AJ_Abdullah7
294,ZestWEG
295,KrisDBal
296,SherryJ57764305
297,SeyffertJohann
298,roaming_fox
299,KhumoMagetse
300,reyanshrai5
301,thisiskara_
302,OrBragi
303,shauneoa
304,AuntNYC
305,RhinoEndangered
306,LudmilaIppoliti
307,NKasheta
308,mykat_mia
309,nyjrb90
310,monrockliffe
311,shaheenpatel_
312,legend_safaris
313,sudantherhino
314,CBasson007
315,oakia3
316,AllesUndNix_
317,TheLifesWay
318,hey_madlamini
319,exploresa_mag
320,Nhongosafaris
321,KapamaReserve
322,LefikaLaPhodiso
323,ZenzoLusengo
324,Elphaba117
325,smwhrnthhlls
326,chrysplatt
327,Go2Africa
328,Nikonsyncro
329,thesafaririch
330,TuliLodge
331,SAfricaWanderer
332,nickridgway103
333,suneiruman106
334,CheetahSupportr
335,CYW_Fiction
336,amoniowite
337,tdg_bnb
338,greentechdon
339,Tracey_Jane
340,FotoRshot
341,DarlaEdwards13
342,JennyPaPB
343,JacqMaraisPhoto
344,99countries
345,strawhillfarm
346,fromTheDogsPaw
347,suerhodes82
348,LekwenaWildlife
349,AfricanSilhoue1
350,Barbigurrl
351,ognpj12wqCxqMZM
352,yeskoolmiami
353,bjkingape
354,waggers5
355,EastleighGreens
356,Wesleywaltonrsa
357,ElandBlue
358,simplisandi
359,947
360,capinafrica
361,ThePhotoHour
362,jeanpaul_phd
363,king743068
364,bozzo1931
365,StumpProject
366,Deschu7
367,paul__tully
368,ASm1thee
369,writeriowa
370,maggielansdown
371,MrsChettyLife
372,JVuyiSgodlo
373,VelmoreHotel
374,MakatzEmpire
375,safarisforafric
376,Riaanvanwyk
377,TheBlogLists
378,madzeivali_
379,ArtistRTweeters
380,BloggerBrunchRT
381,Raythox365
382,HobsonGuyThomas
383,ColorfulChaos1
384,juicynaile
385,Gallevien
386,Adilady_Tlotso
387,Mav_Moakanyi
388,Phisto_Timela
389,Sego_Keletso
390,Od_Sekgwari
391,Gofa_Gaban
392,Kese_Keletso
393,MagatalenaModu
394,PlaasmeisieL
395,ReArtistron
396,escography_sa
397,Impactorist
398,MkhizeZuziwe
399,melissahowardza
400,CradleHotel
401,Newageadam
402,boeriarchitetti
403,GrouperDoc
404,sayre_dorell
405,skgrif26
406,TEEBOGO7
407,towardsclean
408,kuRhulaKay
409,NduKaMaseko
410,Ndiwe123
411,Ignatiu17934596
412,115soIutions
413,Lobeko_Thato
414,justice_ndobela
415,MalumeAza
416,Mpho_Ndobela
417,supamlindos
418,ShepardBrotherz
419,NakedBarista1
420,nnins
421,Italcham
422,Diva_Cucine
423,Ruenet
424,SABSApproved
425,jdrsampson
426,ISS_Mzansi
427,mokhathi
428,MiningWeekly
429,DavidMitche1
430,RamereKgobe
431,MothomothoBatho
432,carlomaria2003
433,Nov3rdKAG
434,grayce_notes
435,NigerRescue
436,MartaFdezJurjo
437,kingbrownson
438,noweroxng
439,DantonKabuye
440,Kazibwe31
441,busfra
442,AgroHorlar
443,MoyegunJ
444,omolere
445,jooambiogas
446,WisdomofSurya
447,AloysMewoli
448,enkhris
449,omohola38
450,DjoukangV
451,madibaOlivier
452,GatienHugues
453,Irinainfos
454,KwameGilbert
455,madlove_love
456,CircularDsgNrb
457,Ibrodollars
458,XR_BSE
459,redmayne_robert
460,Lakesington
461,ArabianHomeCare
462,sstore_ng
463,EmelineFonyuy
464,peacemvt
465,mubeeq
466,valuehandlers
467,wawrzyniak9
468,philkirabo
469,bfb_fred
470,dc_uganda
471,TheTh3rd
472,thxnine
473,EmarylC
474,Beneetha22
475,B22Foundation
476,mideasltd
477,rogeragambire
478,news_ghana
479,WuzzupGuy
480,akinz64
481,ManishS10090357
482,Triunecircle
483,born_sinner03
484,Fabiyi_WaleTaza
485,arochaghana
486,gyemgh
487,iberthasewe
488,dheenylkhair
489,AbrahamOwoseni
490,seunny2020
491,AdelekeSeunn
492,awudusalamiyoda
493,ayvaeve
494,lucymonroe
495,AWSproule4
496,megloops
497,HedyFry
498,Costusspectabi1
499,I_am_nab1
500,PickIt_UI
501,niithesoccerguy
502,AzeezSalawu
503,kinyua_wambu
504,ClimDevFund
505,lenga2020
506,arcticyouthnet
507,PACJA1
508,ClassicSherif
509,GreenHubAfrica
510,IVoteClimate
511,LanreRotimi2
512,EkeleJiata
513,GHGreenSummit
514,EFinitiative
515,IkoreIntDev
516,le_capone
517,RethinkingCI
518,350GROC
519,towardselectric
520,SurprisingLagos
521,kun_barca
522,CSDevNet1_Steve
523,haraphat01
524,KentuckyNavyVet
525,brainadam_01
526,Gbemmienaike
527,joseolupot
528,mmuyiiwaa
529,Itz_Realone
530,Abikethesugar
531,TenaOfLagos
532,olusholajobi
533,FolukeMichael
534,sama_on_point
535,Elizabeth_Ball
536,mrenygma
537,TaamSp
538,Terri_Farley
539,Chocola_Diva
540,EdwinTambara
541,Planet3r
542,Topnews_ng
543,PiusOko
544,AmusaFolashade
545,BankoleToba
546,chemistvictor
547,NArchome
548,danyorigya
549,iam_Fuja
550,Titomi23
551,CCNCNigeria
552,OlumideIDOWU
553,ApanpaOlasumbo
554,SDGsbot
555,Optimistic_Ade
556,ChizobaObi54
557,CmrAliyuidris
558,yawyeboah22
559,NanaAku37719318
560,assih_germain
561,AdeojoJubril
562,Nancykaushal2
563,jacynang_
564,SustyVibes
565,ClimateHerald
566,ATHAMID
567,feyijimiclement
568,BanSingleUse
569,BonniebioNg
570,BbkShettima
571,bigmoNaija
572,Jedidia51197399
573,sgeinitiative
574,EcoConscienceTV
575,WBBPHILLYFLY
576,Mc_SmasherJp
577,RolandeAziaka
578,IRADe_Delhi
579,onehealthdev
580,cewafsghana
581,MartTinogh
582,Ade01yemi
583,ebenasare31
584,Ogreen_world
585,Ksji911
586,gbemle
587,mayokun_iyaomo
588,layinks_01
589,EnvirohealthH
590,studentsunionui
591,mikescottgreen
592,_deoluwaa
593,R_amazon_va
594,HSEMoments
595,cyano_kay
596,APelumi10
597,abh_parrot
598,FBrimmo
599,ClimateLearn
600,humanitarian_bs
601,YRFZambia
602,KRISH_Scientist
603,malmahroof37
604,Misbah787
605,mmhafiz42
606,WoleAdegbule
607,THOMASEMMANUEL2
608,ebuka_ZM
609,nomoreslaves
610,femtech_
611,birdgarden
612,eminoooooooo
613,environquest
614,JHUB018372
615,just_olubee
616,sholaykehinde
617,johnk_kalungi
618,vicfoldrecycler
619,REvents_SustBiz
620,GBulus
621,Adewalebusolam1
622,UKinGhana
623,oea_associates
624,_mel_wanders_
625,EAD_FMEnvng
626,wastebazaar
627,umarsulaiman
628,TundeLukmanAni
629,Xultan_visuals
630,KingWiz53687467
631,qazeemEsq
632,kuyetj
633,sadee_eemam
634,Ogbennidudu
635,dannyugwu
636,Nasiruidrisu
637,Iholuwatoby_
638,environewsng
639,msimire
640,LagosShapers
641,AynLade
642,NinsiimaRacheal
643,estopeldon1
644,yakubuseye
645,chiefchika
646,nandan_riddima
647,charles_agwu
648,MrBabs_LG
649,EmpoweredYouthF
650,Social_Sadiq
651,OfficialLynda
652,bfpinitiative
653,TubomieO
654,PlantheusA
655,triplegeco
656,erc20airdropz
657,oluwatobie11
658,husseinorekoya
659,NWOKOCHASMITHC
660,voiceofthevuln1
661,emmasmith242
662,JamiuOyeleke
663,clintonezeigwe
664,yung_promise
665,Abdul_Mojeed1
666,FMikaML
667,AliBusuguma
668,MothersInvent
669,saved4live
670,richieedet
671,ogbeniYinka
672,AmotekunSw
673,drain1471
674,Huntarlar
675,YahayaOjonugwa
676,Kinglupper
677,LUMIWIZZO
678,FoNigeria
679,IkemVens
680,foevarr
681,PresidencySadiq
682,Vectrolink
683,MoRioghain
684,WisdomArobani
685,PickThatTrash
686,Vikio_02
687,AbdulganiyuH
688,tayobail
689,dazzy4real2000
690,abiola_AK
691,yumubelek
692,toks171
693,AbrahamIkpoma
694,KrazyBalldozer
695,jabusky17
696,garba_abuja
697,BackapA
698,DESCOLONIZADORA
699,BlueRiv88891964
700,Fynman24I
701,ralphbaceet
702,MuminOladipo
703,jaiyeolami
704,bolernley
705,gbadez
706,EAE_Africa
707,yomi_nigeria
708,CM__BLACK
709,Alaomaich
710,hybrawhym
711,toycole1
712,ajebutterthug
713,doosughun_takur
714,Alcapone247
715,UmmDazir
716,misberhu
717,AishaYesufu
718,xpeten
719,May550k
720,adesuwagreen
721,IamAIOS
722,itz_umk
723,SucreMckris
724,RosemaryBalami
725,IbukunJ_Adewumi
726,nilambarig1
727,HalimaBawaBwari
728,Mr___Calox
729,WernerBrover
730,TownCrierAfrica
731,chadi_habeeb
732,Kumatorr
733,lazapir
734,_Iamsoil
735,9iceralph
736,UmarAlabira_
737,Boibiodun
738,abumchetachi
739,Gamji_ATBU
740,rolandi_teeji
741,HarmeadA
742,SaniMusa_
743,IbrahimAbatchaU
744,KarkundiLar
745,ACCRECMaiduguri
746,Sam_Feran
747,iSERVE2050
748,TBlazejr
749,adebotes
750,YREGhana
751,malsonray2
752,ItzMasud
753,AjokeOmoAunty
754,mondayolu307
755,annek_b
756,Sylvie_Nenonene
757,bot_africana
758,yazeed_mikail
759,Dinstructoreid
760,SDGRadioNG
761,Kaizerlord
762,jallowaziri
763,KahneUpdates
764,DawnRoseTurner
765,YaliBauchi
766,ShelahRoss
767,DorisIkechukwu
768,GombeYouth4gg
769,dawnprojectng
770,newsghana24
771,KeepitRealTea
772,asmaubenzies
773,udoutere
774,DianeCaro3
775,arochaint
776,EmilNilsson
777,jrobert_nl
778,Abdullahbassamm
779,BAdemusire
780,GGFGhana
781,Uptoten22
782,SaveAtewaForest
783,AdedejiAdemigbu
784,WFP_Nigeria
785,JawalZozo
786,gloviva
787,colfzera_
788,AfamUdeozo
789,Images_1
790,AdeniyiSodiqAy1
791,ploggingnigeria
792,PlasForCharity
793,ShafiqHaneen
794,InfosdAccra
795,Aqua_Man_Om
796,VisserLola
797,myth_julie
798,LetsRoc137
799,Oluwaseyiojo01
800,diegodelunamx
801,UNOCHA
802,Anjilanz
803,FinTwitTSLA
804,NNyocn
805,FFF_Ghana
806,ayesu_benedicta
807,Ashille_ALEGA
808,SDG2030
809,JaOpoku
810,MR_XANNER
811,eldersclimate
812,FrancisUNDP
813,pheinxrenfors
814,Ahaspora
815,yungest_bi
816,davidcrisford
817,NoiOmaboeXII
818,BadarIbrahim
819,tuimelaar25
820,KathambiKaaria
821,gratstab
822,DefendOurFuture
823,NancyPerin
824,EarthDayNetwork
825,Solution17G
826,JenniferOreffo
827,JoelleDehasse
828,eduardoriverosq
829,AduseiClaudia
830,julesj_brown
831,Henry_Wilkins
832,UKinSierraLeone
833,Abibakrhome
834,AgbenyefiaGifty
835,MandyRudeNC
836,the_ecofeminist
837,AbenaGentle
838,funsosomorin
839,eeclimate
840,SalelSally
841,GreenStewards1
842,deleism
843,soniaborrini
844,AfDB_Group
845,GNewshub
846,maxbeg2003
847,Fatiskira
848,Kwabena71498411
849,kasoa_mantse
850,SYNDGhana
851,Omilabuhaywhy
852,Greenglobei22
853,Jackiekumadoh1
854,Akwilliemspoet
855,maud_fugar
856,agentsmith247
857,ClimateWed
858,enoch_anyane
859,NGYouthSDGs
860,EveSabbagh
861,TrondJensen7
862,KanzahOfJos
863,estherclimate
864,inuwaadam1
865,DrChrisUgwu
866,zaddy_knii
867,OkosunVictor6
868,victusekissi
869,OCHANigeria
870,keldonx
871,SAADOUANTOINEW1
872,LimitedSahara
873,BomoiA
874,PPCNigeriaLtd
875,Victorsegnov
876,lengaud
877,En0chEssandoh
878,DeoWalusimbi
879,jockeholm
880,DeborahJesuseg1
881,El_Bykie
882,HH_Synergy
883,Watchman_kuuku
884,AWLN_Nigeria
885,LizethMCuevas
886,enobong
887,sentinelghana
888,BRAINCURES
889,IAMDANJEGSON
890,ARAA_CEDEAO
891,ecowas_agric
892,UN_Nigeria
893,NwaokorieOluchi
894,TabiJoda1
895,AsanteFortune
896,AwiniAzure
897,Mis_Worgwu
898,DubemEzike
899,RoseKeffas_G
900,Mayor_Afrique
901,xulaeA
902,ossap_sdgs
903,tttezzz
904,Missghansah1
905,levanbeest
906,GsanOfficial
907,BEN44646755
908,MeAdnanSiddiqui
909,iamojon
910,ElijahOdodo
911,leratommoloi
912,cyiac
913,cycdi_ng
914,MusinguziElly1
915,thefisayo_
916,Kroijenga
917,GeoffreyPetty
918,DanielaCalota1
919,JoaquinBoston
920,WeDontHaveTime
921,IAmAyodejiOdare
922,sagamee
923,Ireoluwatonde_I
924,Dzennypha
925,UNDPNigeria
926,DrUmeshPrabhu
927,watcher_969
928,undptz
929,SDGscameroon
930,Bomoimajid
931,aleebakari
932,khalid_Richifa
933,ChangePartners
934,ghredd_official
935,jpfrioul
936,heph_zibaht
937,AdamRogers2030
938,OdutoyeOriola
939,aliajao
940,FlyoverProject
941,Tecnergypss
942,VeraBaboun
943,swervinerv82
944,Grace19001371
945,tunjilam
946,benagyit
947,sim2ben
948,MChantalMessier
949,Iam_ChrisAustin
950,MissAviation1
951,ClimateNewsAfr1
952,zaby900
953,mathekafk
954,ClimateChangeE3
955,TheJamesPopoola
956,Ewatomi_
957,LORLAH
958,STAVER_union
959,EmmanuelGatison
960,SeanMelbourne2
961,kunlala1
962,manlistic
963,DeannaSpooner
964,libobserver
965,plethudeep
966,infomorsels
967,ConservationNW
968,Anij24
969,NewsNeus
970,PedrazaVlad
971,PublicSquareNG
972,thesteamtribe
973,Ubaru2u
974,mkulimaforum
975,ScheuerJo
976,Ashaolu_kay
977,_WomenBuild
978,architechange
979,Loata
980,ashirm90
981,AdetolaBademos1
982,animuathiei
983,Pastoralist1
984,SuleJacobs
985,KosaEruogun
986,HandsomeAlabex
987,whitenigerian
988,Richie_Clay
989,360_DEO
990,EnviroSpatioLTD
991,Iamoabraham
992,GimbaFaith
993,Ridal_Lah1
994,beebayuu
995,LucGnonlonfoun
996,LancsBusRT
997,floatghana
998,chimz_green
999,aobadairo
1000,thisnthatbot
1001,farmerscornerng
1002,apriculture
1003,ngeleali
1004,thisisflamie
1005,OluAdanikin
1006,proudicon
1007,jlnu_cameroun
1008,amyibems
1009,rejoice_emanuel
1010,KamaluddeenKK
1011,WilliamTsuma
1012,DianaOfwona
1013,VictoryAshaka
1014,lollipoppsAYD
1015,NabilaAguele
1016,yahyamalindi
1017,TRADENEWSWIRE
1018,BagalueSunab
1019,SamcleansS
1020,babyblanc01
1021,ojay_78
1022,AdejokeLasisi
1023,KinsmanEileen
1024,hyprfnk
1025,FlourishLifeInt
1026,IkemJames1
1027,future4bj
1028,WomenRightSust1
1029,IreneRizzo_
1030,Fugstarnagar
1031,Omo_oghenetoma
1032,RukySpeaks
1033,amuhdhadejia
1034,Nxtgenenergy
1035,sanmijossy
1036,jacob_amoako
1037,KanezaDiane
1038,IncubationTv
1039,weincludedorg
1040,ForGlobalGoals
1041,solomonkalema1
1042,ikabirsule
1043,bambas88
1044,Youth4GreenPak
1045,sue_meadows11
1046,Ziviku7
1047,WellmannGwen
1048,layoladepo1
1049,miftahudeenA
1050,NNeyod
1051,350KJones
1052,350BAAction
1053,ChidiOdinkalu
1054,gayoghana
1055,Dewangstephane
1056,tyhwoh5
1057,gboyenautics
1058,AudibleInterna2
1059,musabayero
1060,alani__o
1061,toseennate
1062,culatea1022
1063,business24gh
1064,TweetsByOla
1065,GWarrander
1066,RayNkah
1067,Osezel
1068,Galaxyjames
1069,Mamito_marie
1070,GbenroTolu
1071,unclesholz
1072,Ohemaatess
1073,MarcAnthonyJr
1074,nwa_udi_di_egwu
1075,_Konye_
1076,Tpaeyne
1077,ay_adenuga
1078,BeyondInfin1
1079,dunaisiaka
1080,SaveNatureBot
1081,AF_Damilola
1082,carrel_tob
1083,abiodun_adedewe
1084,ChimuanyaDike
1085,cylexi
1086,susthousinginit
1087,dsulymans
1088,zainabzy_
1089,achillejordy
1090,Iamkingsleyf
1091,kraftysprouts
1092,healthtian
1093,GROUPECLIS2019
1094,omoniyen
1095,giftings_kosun
1096,kvconner
1097,ArabiaCSR
1098,funtob
1099,endowed_ibezim
1100,ecology_tweets
1101,h4bfcooperative
1102,Rahksfdn
1103,OluwaseunAmbali
1104,MissGARR
1105,suchaboo
1106,thetechieonline
1107,newsdiaryonline
1108,scifryer2
1109,Petrine05647629
1110,NextnergyHQ
1111,luvility
1112,kwoi_finest
1113,ACTFoundation_
1114,MysteriousAisha
1115,AbuHumaida
1116,Stop_Dont_Drop
1117,krsdtrust
1118,litedares
1119,BBihes2030
1120,_ajike_
1121,EcoRestorationF
1122,GarryMo52144942
1123,Josephike_photo
1124,ValiantConfect1
1125,HarunBadG
1126,sirroccoforte
1127,FjBarbers
1128,EvansAdeba
1129,pepparsteve
1130,King__Jaydn
1131,OnyekaNwaebiem
1132,CycloKenn
1133,chidoskypc
1134,EcoFriendlyNet1
1135,ToshelConstruct
1136,dan_wondaful
1137,autumn__colctns
1138,PeterRotimi8
1139,XtremFate
1140,Iam_KizzyKroxx
1141,_abcdefg04
1142,ISCFA1
1143,kibadnon
1144,sportskawai
1145,ObaofUniben
1146,Greenaxisng
1147,Littyglobal
1148,IAyshatu
1149,EtsuMaimuna
1150,Abubakar_yaks
1151,iz_Blaqboy
1152,abbiesKindirmo
1153,SuperSlimEli
1154,PeachesDee1
1155,byeni18
1156,branded_clan
1157,JosTechFarmer
1158,Jameelahjemz
1159,sixteenurban
1160,fatee_ahmed
1161,Zoe__chun
1162,JerryChidi12
1163,Makeadi30164733
1164,Icydasick
1165,lamingogarden
1166,DeanTash
1167,MA_iHakeem101
1168,vilsquare
1169,belloabdullah24
1170,aliyusadiq_gky
1171,KarvonenSoili
1172,Tacugama
1173,Fitzlemonade1
1174,revolt_2020
1175,JoshuaUwagboi_
1176,NationUpdate1
1177,enzo_kiche
1178,SDGsCoLab
1179,deenousky
1180,Kennethgyamera
1181,AvengerActivist
1182,Seento0
1183,LaFemmeEstMoi
1184,DrRamser
1185,KbOIsmail
1186,mangrovexpo
1187,StoriesOsagie
1188,Official_TOF
1189,profisotu
1190,Swtdezi
1191,sanjeez002
1192,TrueNewsNG
1193,Agentsofcom
1194,Real_Investmet
1195,BoolaGiress
1196,ogene_ogbodo
1197,Arc_sholex
1198,sarnchos
1199,Iamfolarib
1200,ayo_adedinni
1201,theenergyintel
1202,GRFDALLEY
1203,rodrigue_221
1204,GreenInitiativ6
1205,greenimpactint
1206,obama0050
1207,Piparfisheries
1208,dejiakinpelu
1209,alexis_tth
1210,EWestaway
1211,FarmsquareNg
1212,healthy_sailor
1213,On_dit_q
1214,LaurneKouam1
1215,Richbol2
1216,GillesFabDogbo
1217,PspOperators
1218,WinnieCheche
1219,AdebolaGb
1220,NinkaiMaryam
1221,KyotoRebellion
1222,penjoentertain
1223,Amireee_Soso
1224,_TreeSt
1225,FaeexatAdam
1226,mr_mubzyy
1227,EnergyreferralX
1228,johnSNOWMTAINER
1229,Nerow8
1230,AwalExperts
1231,andrewNmbavaya
1232,UndecidedMs
1233,superbl90176699
1234,TuesWithLaurie
1235,Ms_Orlatuneday
1236,HoylandH
1237,hojotee
1238,MaxwellDele
1239,Laplace_NG
1240,Fabriciosx
1241,florian_adonis
1242,ineelbot
1243,vaporybear
1244,lafriccestchic
1245,domcorossol
1246,nar6lAfrodiziak
1247,KisabaMe
1248,TAdokeme
1249,Vskit__Ci
1250,TifTyber
1251,NansinguzaJ
1252,cokoisu
1253,sweet9tnurse
1254,Lucars_tweet
1255,vjblanq500
1256,preciousnengak
1257,ROrhten
1258,Yusuf4climate
1259,ObuobiPady
1260,DachomoGil
1261,PackHuman
1262,SavageZayne
1263,sadia_khan_IOF
1264,SparkBestSeller
1265,kelvxnn_
1266,EmefaJewellery
1267,RenkrenL
1268,Qrriiss
1269,Hardenco
1270,lewieb99test
1271,emrichie819
1272,PENRATED
1273,AgroxchangeTech
1274,Rafixxy
1275,Ifunanya51
1276,KovyKanu
1277,adedoyin07
1278,ApolloIso
1279,Ifunanya201
1280,onyeEkeson
1281,frannkyjo
1282,Bolanlenii
1283,BeverlyMma
1284,Excelllito
1285,ogrolexx
1286,Happyluvva
1287,experiencing9ja
1288,RoundEye022
1289,KnightessHope
1290,greenline_gh
1291,SamMaye36042867
1292,teeflowz
1293,flow_steve
1294,XRShrewsbury
1295,ZeroCarbonShro1
1296,ugofeel
1297,axomboy
1298,Alexnapster1
1299,bblaizo
1300,TeamAchaun
1301,hilarry_o
1302,Hanniel97624817
1303,geobservation
1304,AmenAbbey
1305,RKpalime
1306,Hippo62064735
1307,Babdudez
1308,Jmonroe1989
1309,FascoTours
1310,ChrisYardsale
1311,CsDerby
1312,Coal_City
1313,BuchiAstro
1314,peacekpaba
1315,deba_sish97
1316,DeJoeQuarcoo
1317,GnadoeMagazine
1318,Proforcedefence
1319,hadhetola
1320,bisi147
1321,Immersestudiong
1322,LaTeam228
1323,a_la_togolaise
1324,adjovi_ndi
1325,ApeleteLaura
1326,isnad_africa
1327,228Afrika_Exclu
1328,denyigban
1329,elkwaet
1330,holuwa_khemmy
1331,Tgtwittos
1332,visitezkpalime
1333,HarbirSinghSuri
1334,Sachin55476477
1335,BizSales247
1336,MerchantMediaCo
1337,CharlesCyriacus
1338,rukenacrown
1339,iam_sn
1340,his_Genesis_96
1341,brahamot
1342,RoseMwebaza
1343,papriddey
1344,OkoroChigozie7
1345,LaminOBeyai
1346,myenvisions
1347,GardeningNE
1348,hp_yemoja
1349,Tri_akin
1350,J_alabs1
1351,agyn_vent
1352,BalaoBeafrika
1353,Officialtcmmom
1354,Benin_retweet
1355,wini_usman
1356,Brillpictures
1357,CoolTripsLtd
1358,hypemanice
1359,blackstembot
1360,lovelyghanaians
1361,XRRebelEveryDay
1362,DFCHack
1363,Sunken1982
1364,outfunstudios
1365,crowdlifeapp
1366,codemickey78
1367,pnw_weekends
1368,jo_annie42
1369,MattuOretemi
1370,GameDevNews1
1371,AwobusuyiAyoade
1372,Slynebrown1
1373,donaldvalz
1374,chiezeks
1375,AkankaDesign
1376,Osenny30
1377,Last_Bornz
1378,SonicNocturnal
1379,AwassiAlex05
1380,Ayshausman_
1381,hbeeiy
1382,GlowByAdeyinka
1383,JuwonAfolayan
1384,PrincessRiyeba
1385,PleyTheGreat
1386,Filmi_log
1387,domiguez_jnr
1388,alershadonline
1389,IamPrince_n_dy
1390,DinahJohns
1391,crowdhyp
1392,djgazah
1393,Ogeerugwo
1394,MR_PA1N
1395,antsnbuds
1396,mOdE90210
1397,Jamessucre2
1398,Nwauka
1399,klint2u
1400,SaxChi61
1401,favogbuji
1402,UchePOkoye
1403,OfficialOne9ja
1404,Melmedia2013
1405,osamuel_photos
1406,RumboMalabo
1407,chris_zaki
1408,ritajhunjhunwal
1409,erako_art
1410,razbn75
1411,MoCCaEUAE
1412,__chubby_cheeks
1413,comrade_mj
1414,OMOBOLAJII_
1415,michalignition
1416,Rosta_Chovanec
1417,lady_danini
1418,Kaygrinho
1419,WinsMF
1420,_meeboluce_s
1421,1960Kate
1422,francoamicucci1
1423,szafir13
1424,sarfara61137869
1425,solivan675
1426,UjuBOnyechere
1427,ClansBeezy
1428,SDeNise05
1429,Myriam27147618
1430,foe_togo
1431,phosphoria31
1432,davidBerre2
1433,Owenmoise7Mark
1434,MboaSoftwares
1435,FashAppraisal
1436,cylentbabayi
1437,HappyRashtra
1438,BalktuShitu
1439,AdamawaBird
1440,AbrahamSarki_
1441,utibeobong_udoh
1442,chezmoiaubenin
1443,RoselynAdjei2
1444,IconsLaycon
1445,sanjaysdubey
1446,neeleshrathod
1447,LaureneVandji
1448,palomaebin
1449,propertyugm
1450,dayoafricatours
1451,enuguhalfcaste
1452,B_RAFF_MUSIC
1453,PawanOSTomar
1454,AdaMbita
1455,sethi_b
1456,SangarNaveen
1457,anoopambalam
1458,Ranggo29934344
1459,sabhay23
1460,zenbugs
1461,GopalNTiwari1
1462,reshmi247
1463,mshanifnagori
1464,Arun84227753
1465,pcmehta
1466,sanjaypareek_
1467,Arunkumardanda1
1468,MadangopalMish7
1469,Ncsingh6
1470,AirtelAnurag
1471,bhavinpatel1301
1472,Poonam_Datta
1473,dona2312
1474,Dilshan14238921
1475,viprangaur
1476,AryamannKumar
1477,CharlotteClarls
1478,OurBloggingLife
1479,Ojone001
1480,Vanvic_OFFICIAL
1481,KemxResources
1482,ibekilo
1483,TimzyEz
1484,EgboDaniel1
1485,CasAgozie
1486,KwakuKlein
1487,leckyrulezz
1488,Ujamidaize
1489,EnuguGod
1490,Maggie74449192
1491,_Tweetman_
1492,oyibo_ugbo
1493,thehikerstrail
1494,Havilah2
1495,Call_me_6lack
1496,Brighten007
1497,44chicken
1498,Easy1Andy1
1499,8Wells
1500,tedwlsn31
1501,ConnectedWaters
1502,theonlykiitan
1503,angopascal
1504,OlaniyanTravels
1505,Zenda_prihz
1506,IBRAHIM12693843
1507,johndari
1508,DequeenKarishma
1509,GlobtrottTravel
1510,ajaxojnr
1511,omotoshotravels
1512,Greeninitiave
1513,mz_fasasi
1514,Fatimah82841606
1515,PreshOnNature
1516,idala_ogufere
1517,DailyCampground
1518,CrazyMistyCat
1519,EziolisaP
1520,asarip14
1521,recycledge
1522,Mi_Anifa_Real
1523,shakershotel
1524,AmyDuru
1525,jabezz2004
1526,sola_Mpower
1527,The_diwura
1528,MissTshowie
1529,Okezi
1530,Qsl_gp
1531,RasQuoller
1532,oseiricho
1533,XlncFamily
1534,PLinDenmark
1535,APS_Africa
1536,wendisticalwan3
1537,sosairen
1538,moshthe_man
1539,Coker_sege
1540,kayceee_xvii
1541,Tidofficial_
1542,MrChibuezeEkeh
1543,muoneke_gift
1544,obembe_1
1545,Cleantechhubng
1546,11Lxb
1547,SamuelChristop3
1548,nurudeen_wadata
1549,StarsightEnergy
1550,tekeme_omare
1551,ogh0sa
1552,ceesolarenergy
1553,lailah_grant
1554,HalimaGumbi
1555,ikpulse
1556,OmonoOkonkwo
1557,_acetweets
1558,CeetrinLearn9ja
1559,SalphaEnergy
1560,Infineraagribu1
1561,sandstreamng
1562,richardmatey1
1563,aercgh
1564,AdenaikeToba
1565,DDINigeria
1566,Newmoon_ng
1567,LuckyIhanza
1568,16Canuckfan
1569,price_ltd
1570,KathrynMathias1
1571,Hoyedipupo
1572,MADECORESS
1573,56peggy
1574,SENDEROPRESS
1575,LtdPowerpal
1576,mabufadda
1577,EHROrganizatio1
1578,tree_initiative
1579,TreeRevival
1580,Ahhmard
1581,ayokutours
1582,OyejideOyenike
1583,KabojiM
1584,bukola23
1585,MrAyoAdeyeye
1586,sharon_ikeazor
1587,oonaleevintage
1588,PJohngab
1589,tsboi_ng
1590,BotanicArtisrty
1591,Hardyart6
1592,slimdadeB
1593,TinnyThrill
1594,xqsitimages
1595,updatefly
1596,fayomi49
1597,ChineduMogor
1598,gifsep4climate
1599,luckyabeng
1600,joeibro
1601,schrodingerr
1602,rydwan_tuff
1603,INFORSE_org
1604,ESusWatch
1605,Stephen91235019
1606,DSS_Lab
1607,h_doukas
1608,KingOwenR
1609,Kampala4Climate
1610,AfricaSustain1
1611,SeeTheAirBot
1612,elonfantommy
1613,prothero_james
1614,KlaudineWakasa
1615,IAQsusan
1616,innocentmaloba
1617,thetechsamya
1618,moalbrecht
1619,Sir_Labz
1620,chriskost
1621,Ali_Manzu
1622,solhog
1623,RichardMunang
1624,JimmyKarakaria
1625,jovs_98
1626,GLOBE_intl
1627,SaniGamboUmar1
1628,WasteOrCreate
1629,NagudiIrene
1630,DarioMelian
1631,RSEOnline
1632,RobertoValentUN
1633,UNEP_NAmerica
1634,svilardyq
1635,SAMantilla1
1636,SaleemulHuq
1637,SaveWildlife12
1638,kuepouo
1639,dahirualiyu099
1640,Shenever_knew
1641,UrgeCollective
1642,poornimathreya
1643,YS4CIN
1644,CarolynFahm
1645,ejvhattum
1646,EU_ENV
1647,TLC_CN
1648,JTpaleo
1649,UNEP
1650,savinacp
1651,MacondoChao
1652,BVEdgerton
1653,tuula
1654,CUGHnews
1655,jossbleriot
1656,HollinsMargaret
1657,GENetwork
1658,rikusinervo
1659,karllong
1660,AlanaCraigen
1661,SitraFund
1662,andersen_inger
1663,LisaMarieCricht
1664,david_g_osborn
1665,inspire_by
1666,Kcic_Consulting
1667,Jelaah_
1668,Niyakin1
1669,Kamaulisbeth
1670,WamboiSeth
1671,Laah117
1672,N8Kwa
1673,KomiRegina
1674,MathurFilipp
1675,YaggieYachi
1676,MusyokiGrace
1677,estate_rex
1678,artspace254
1679,InnoDeckoks
1680,EcoSanctify
1681,agomagroupltd
1682,MukiibiEmma2
1683,KatanaHugo
1684,OdzrtcySsIPXdoT
1685,AStephen256
1686,prisha_and
1687,InfinityFurn_KE
1688,PhilipAdruf
1689,PeterMaswi
1690,PyeparFaisal
1691,MChagara
1692,otangaevans
1693,AGNESAfrika
1694,CoffeeHoneyCoop
1695,yvonnenyokabi
1696,EnviroWild
1697,minic_dk9
1698,GreenSpacesKe
1699,Alfred996
1700,NorbertMusana
1701,tzunami68
1702,Inno_Vol_Ke
1703,MMI_MMC
1704,MDeFreese
1705,emekeojukwu
1706,LMupende
1707,namerachelok
1708,pfennigs
1709,cngendahimana
1710,Ict011
1711,FTetero
1712,Nebby_99
1713,jessicawins
1714,emungai_m
1715,UweWolef
1716,malika_esther
1717,Jmurugi3
1718,pixiesio
1719,bugfeedr
1720,danyadabst
1721,Monarijulius
1722,KnudSknudsen
1723,ConnieMckenney
1724,PampuchRainer
1725,vanessa_vash
1726,Trinity17431342
1727,Frentecivico
1728,JengelaChriss
1729,XrLagos
1730,ceackenya
1731,JaphethOrieny
1732,kiptoochemoiwo
1733,icpac_igad
1734,JPBucyensenge
1735,GGGI_Rwanda
1736,misflintch
1737,realitycheque_k
1738,mbroecki
1739,Gyan84s
1740,AnimalNsw2015
1741,besiandrew
1742,allgringo
1743,duncan_ndonga
1744,felixpilipili
1745,Sayanta22578166
1746,BruceGathu
1747,DayaniraCollins
1748,malungelo17
1749,Roby41262525
1750,minseo3647
1751,GarlitzJenifer
1752,ja8yum
1753,MolinaElorza
1754,Vevenock
1755,Aramzede
1756,ProMovement1
1757,CouncilForYouth
1758,blancasantos74
1759,DannyWijnhoud
1760,PSchinzler
1761,riesenpanda
1762,aluhoney
1763,TPSpencer88
1764,Nicholas_M_L
1765,JosephusLudwig
1766,Phiristatic
1767,recycledtwice
1768,kiki_viola8
1769,hackneywick
1770,btkrth
1771,ChristianGilch
1772,gvthillo
1773,BeeNubian
1774,Michael_Kunz
1775,mkowa1
1776,bobbolono
1777,myenvironismine
1778,FutureHamburg
1779,Ezra_K_Yego
1780,pulitzercenter
1781,EzraHwang
1782,ChristophBeisl1
1783,ngwochela
1784,krishve79227141
1785,WFooled
1786,Aiko96788255
1787,mrigankasinha
1788,sergiovarmo
1789,LittleBirdSteph
1790,Charles41784654
1791,Ruthnan5
1792,RobindosBosque2
1793,redphael
1794,ImaitaRaphael
1795,Siacu_ASBL
1796,levandematerial
1797,rohit_mulay
1798,onjolo_kenya
1799,princyammu27
1800,PhillylovesWHC
1801,akshay_sonawala
1802,Elizabe96273241
1803,juristadofuturo
1804,SMuhuha
1805,GloballyKenyan
1806,mdt4129
1807,krosenlund_com
1808,sm_kagenyi_PhD
1809,KemuntokK
1810,hiramkush
1811,WildForLifeNow
1812,apondi_edith
1813,picogiovanni
1814,NatureTourism1
1815,Elijahfeed
1816,MumbaMusondam
1817,spark_inside_me
1818,JuluOkadia
1819,RhinoArk
1820,ebafosaa
1821,Shubham59781984
1822,EnockOduor10
1823,Tcaddy5
1824,AnnieWahlund
1825,CSpechtl
1826,RMatter2018
1827,AloyceUrassa
1828,ManiaReckless
1829,gmc004
1830,didi_stanley
1831,fester_thomas
1832,anitasoina
1833,elxdix
1834,onyango_victor
1835,KVenator
1836,joe_mutahi
1837,KNieuwhuis
1838,OreganoTheOnly
1839,AntTony64846932
1840,JoeKaiyahe
1841,muinde_muthengi
1842,dorobuk
1843,patriciakombo
1844,laplapv3
1845,Nandini72113762
1846,Sydneyngobi
1847,KIVUNature
1848,MadiAfrica
1849,RMBlaber56
1850,KuttuRekha
1851,livrollinger
1852,susanonyango
1853,Ecoxplore18
1854,LabradorLandPr1
1855,AABookstore
1856,LlewelynPritch
1857,Sankorie
1858,AWFCEO
1859,UnitedForClima1
1860,Favourfavor2
1861,annikam93
1862,NETWASU
1863,marianatrobosky
1864,MacKiyimba
1865,EUinUG
1866,ADCinUganda
1867,BujariRev
1868,LtdWoodfarm
1869,mulunga_alukwe
1870,patinaaiosim
1871,hopienaticsvhon
1872,unhabitatyouth
1873,ILEKTRAKOUTOUKI
1874,LOVE2UNIQUE
1875,MazingiraI
1876,PostonSunday1
1877,dedan1alien
1878,ksamy2678
1879,ReefLife911
1880,VarshneyAnita
1881,Mpassy_JR
1882,RAMONDOMINGUEZG
1883,Dibordz
1884,odoidaniel1
1885,JaydeLovell
1886,prateek03387700
1887,Milanowekpet
1888,birthdays_for
1889,TravelNasi
1890,IsaacRwanda
1891,_monicah_shiku
1892,Ansh07_
1893,bar_zie
1894,_RoosSingh
1895,jyotsna2964
1896,VisualPersist
1897,gasparepolizzi9
1898,UNESCOWWAP
1899,Eylem4561
1900,SudarshanAshok
1901,commupolicing
1902,ChrisBrey1
1903,TmymonsoonH
1904,WWFDRC
1905,consciousaya
1906,GardensSerene
1907,PHIAtweets
1908,gbarbieb
1909,ZoilaCr72741419
1910,SARAKARNTHI1
1911,topsy_tee
1912,ThisIsGatheru
1913,hughmanatee01
1914,SonjaLehmann5
1915,PiaAngelesBarr1
1916,UNESCO
1917,Ibrahim_Okedara
1918,evenspl
1919,RotaractLimuru
1920,OukoEvone
1921,Costappelle14
1922,curriealder
1923,KappelleMaarten
1924,mauolivares
1925,sophiasmonde
1926,MigrMatters
1927,KalukiPaul
1928,LouisaWet
1929,kanjoo
1930,BHO1996
1931,BusinessNisq
1932,NathanNgumi
1933,ImeldaNasubo
1934,EdenCampsClubs
1935,risivonne
1936,ashleykitisya
1937,Nytil2
1938,diangaronald
1939,OchiengAgong
1940,kamene_muema
1941,FAOKenya
1942,Kiprono_Lagatt
1943,freddybobjones
1944,isibams
1945,Ambani_Ambani
1946,MumoPascal
1947,BM_Isaiah
1948,RMalango2015
1949,CazeauHue
1950,mytreeUganda
1951,Claudia_0791
1952,DenisNishant
1953,SDGs4Pakistan
1954,LardasL
1955,toitacai
1956,brenda_ngoya
1957,LindaAgnew8
1958,XRNamur
1959,PlanetRetweets
1960,UNHABITAT
1961,MarcoTeixeiraUN
1962,JoinIsmail
1963,KARIUKING
1964,joneishere
1965,RoplingReinhard
1966,equalitynow_ug
1967,Nitrogl41152579
1968,JOEMusa88128543
1969,Jansuse
1970,Tachonisfinest
1971,LuQiCENSORED
1972,Dr_AO_Bouh
1973,Piros12
1974,corporate_irish
1975,UlrikeHeiss
1976,MtlSeb
1977,richardmuganzi
1978,leonard_ondigo
1979,monsodana
1980,appolo_kevin
1981,WakoJoel
1982,Rhino_Charge
1983,AQ61
1984,Newzug
1985,fsagwe
1986,prudencelihabi1
1987,Green_Thingz
1988,realronlocke
1989,EdgarOjeda17
1990,jamokibaki
1991,NjeriMaria2
1992,IamPearlita
1993,kimaniwanjogu
1994,WMutunga
1995,WillKnocker
1996,Ruthjelagat13
1997,kattludd
1998,Tanntric
1999,Andromake000
2000,FaithThimba
2001,bangirac
2002,brade1991
2003,chemutaipraisy
2004,NelsonGichuki1
2005,Charlesigaa
2006,Latza70
2007,AllinforClimate
2008,princepapa1
2009,lynn_kandie
2010,OmarElmawi
2011,jnharkeraus
2012,GabMercurio
2013,deCOALonize
2014,gp_kenyagroup
2015,WorldEnergyDay
2016,poshgero
2017,Wanja_Kiongo
2018,TheMboya
2019,nickischenker
2020,Kl_Stone
2021,MaanKeshav
2022,jyoticsharma
2023,PA_EastAfrica
2024,kean_network
2025,niyi7busari
2026,masterprogram1
2027,RabinowitzLee
2028,GadgetKidKe
2029,ReliveAfrica
2030,aribett55
2031,BlueForrestKe
2032,MutaveNelly
2033,LlewKenya
2034,Clean_pea
2035,ahumanofearth
2036,anujabali
2037,franciskykes
2038,Beatric54184322
2039,khsad67
2040,Nunez200
2041,marcus_brand
2042,ilmaormaa
2043,mslindblom
2044,j9IM67OZnObLMM8
2045,wastefighter
2046,vrosauer
2047,WeManifestPeace
2048,Aleckeei
2049,Colne_Pt_Birder
2050,RevBradshaw
2051,Ash75566405
2052,ppptec
2053,larsinge_sand
2054,viclit445
2055,dalitmatterROI
2056,HartmutVoigt
2057,NoahsArkCrew
2058,AlbertFlorian4
2059,Sriyalama
2060,ethelnandhego1
2061,RobHoenen
2062,DNotacat
2063,brothadestin
2064,LiamNixon13
2065,NAFOPHANU
2066,AdrianeVillano
2067,doikea
2068,NiringiyeDeus
2069,phebekiruba
2070,onyangom14
2071,peetersfrank2
2072,CASAESOL
2073,Onesmus_Musyoki
2074,LeanneStewart
2075,FlavThunbWolf
2076,NatalieRask_
2077,Sir_Psam
2078,NcDitz
2079,matsxekberg
2080,GrenAja
2081,artyghok21
2082,jan_snauwaert
2083,YekaWilliam
2084,kayemba_b
2085,BlauerEisvogel
2086,GathuMaurice
2087,SchoolCO2lution
2088,tree_adoptionug
2089,priyagujadhur
2090,TiedeDth
2091,trishcahill
2092,Ronnie_Ug
2093,solidarityandlo
2094,gijnAfrica
2095,vetcov19
2096,DaloumCd
2097,drtobbe
2098,mwatondo
2099,pallastina7
2100,ChaTucker0
2101,NolanQ16
2102,_editor81
2103,GichApollo
2104,mmbrown2000
2105,Grupo_DDP
2106,MamlakaFoods
2107,danny_where
2108,AjayKum87859274
2109,K1LL3RQU33NB0SS
2110,unplasticday
2111,umitotsuki
2112,MalissaYangMD
2113,toshi_nekoinu
2114,HanserikErik
2115,KellyTurberfie1
2116,kingfowlness
2117,SafikSsenyonga
2118,jjjjjjj1943
2119,tscottjones
2120,OdopeCan
2121,GoodAppleClub
2122,Melica_N
2123,dear_Bunni
2124,SvenFolkesson
2125,amanon99
2126,jmarinezmaya
2127,jennyrogers_ray
2128,linsocw
2129,LittleB47207665
2130,YukoIshizuka1
2131,vivian_almas
2132,MaddyLina25
2133,marionprof
2134,blackla62213186
2135,MarkOls60595347
2136,hart35846751
2137,Hefesitas
2138,morvabowman
2139,alexkimeu0
2140,living_sweden
2141,CornelsSelke
2142,OnduuAkinyi
2143,OurJourney_Life
2144,Muhatia_Benjy
2145,daniel_scholler
2146,Cinnamongirl309
2147,Bobshabby2
2148,AnsisEgle
2149,MC4AVAHYL
2150,NakabuyeHildaF
2151,TomArchibald
2152,gpmartinP
2153,JulioangelE
2154,SabinaSchmidt20
2155,tariro_de
2156,linda_lindylou
2157,EmilBergholtz
2158,Lizsilk4
2159,IamAnnaRosalie
2160,AfepDiaz13
2161,tsvenson
2162,KerstenLewerenz
2163,BlokeinEngland
2164,WendowsLane
2165,york0982
2166,WilliamDGoodman
2167,SuryaSwaran
2168,setyourmindfree
2169,hazelleenut
2170,Melany_MV12
2171,miracleboy_1997
2172,katar87
2173,suki3hunna
2174,macooke1
2175,Andrew88820142
2176,CitizenoftheWo4
2177,joylowell
2178,NSinayobye
2179,chicating
2180,aanthanur
2181,ruby_ingle
2182,stangunawan
2183,eguerre4
2184,Beaurive
2185,Lapus24
2186,KbLeecaster
2187,adpucci
2188,OogyCoyote
2189,lilith2u
2190,MaximilianVict4
2191,AnnManes2
2192,luyorc4
2193,whoawmina
2194,brijeshrai
2195,gracchus56
2196,juliaandersson_
2197,petercscott
2198,EdithBosquetti
2199,Superabderit
2200,Jonah24899753
2201,danlandgre
2202,JannaDemm
2203,RoyalSelkie
2204,3333333333am
2205,JHilde9
2206,VilmNovohradsk1
2207,GretaThunberg
2208,EroNesh
2209,MugalulaPius
2210,Fridays4FutureU
2211,SadrachNirere
2212,SwedeninUG
2213,yaramfall58
2214,Ckibii
2215,MohamedFall
2216,Kafi001
2217,Sandra_Suubi
2218,MillerOval
2219,doraakolo
2220,aamdihun
2221,KakushaVenecia
2222,kijomba1
2223,grayc
2224,kayijamahe
2225,ochiengmoses111
2226,MurayaKevin2
2227,RotaryGachie
2228,AECFAfrica
2229,angwenyiryzer
2230,PSAgriculture
2231,BartlomiejKozek
2232,ZacMaritim
2233,LGIHE1
2234,jidkod
2235,stephi_ja
2236,EcotechGlobal
2237,Tsenda_40512
2238,Sustainche
2239,tzDiscovery
2240,TuliJadili
2241,NoobYosha
2242,careyXraps
2243,RGabdho
2244,UNDP_GCRED
2245,Ochweri
2246,Delinah_Mijide
2247,DotGarbage
2248,paulaachi1
2249,machtm
2250,GardenofhopeFdn
2251,MaigaMark
2252,RotaractKarura
2253,leemajid
2254,WildnowF
2255,BazWaiswa
2256,BartNorbruis
2257,SimbaMedicare
2258,Faazati
2259,stucable
2260,Health_NewsUg
2261,africawoodgrow
2262,MugutaDennis
2263,EmacarFrank
2264,Lina24588557
2265,JonsMindy
2266,m_aliy_
2267,KobieBrand
2268,eAnkitPandey
2269,Damariswambuim1
2270,evance5809
2271,kashgohel
2272,Waru_Mopebbles
2273,fazeelamubarak
2274,SACLI
2275,AaravSeth888
2276,MugieConserve
2277,gabrielaomia29
2278,otieno_hawkins
2279,Dblocktheonekip
2280,Ma_abdirizak
2281,arksonop
2282,HarunanySumaiya
2283,Smith_Kline_
2284,ConservationEff
2285,LawnceMichael
2286,KenyaSafi
2287,yobra50
2288,bigfootpaintin1
2289,juacaliGenge
2290,mukabbz
2291,AkolMiyenKuol
2292,ChangersOrg
2293,DreTtosh
2294,muindi_elijah
2295,ClimateActionKE
2296,AltruisticIndi1
2297,pittman_nairobi
2298,tonysteinn25
2299,NFilimin
2300,scofohug
2301,CAREBurundi
2302,NyamburaElaine
2303,KevinKevinmtai
2304,KangongaBonface
2305,CitiesWNature
2306,TuomoSimojoki
2307,NyamuJim
2308,Mwihakirene
2309,researchMegan
2310,WWF_Kenya
2311,MYM3water
2312,TerraMove
2313,GlobalPeaceKeny
2314,Anjali88295706
2315,BandaRoberts
2316,ijsumra
2317,GreenTvet
2318,HenryOgoti
2319,Dj_Burn
2320,EugeneMwangangi
2321,KenyaNeoEngLtd
2322,okwaput_samuel
2323,NairobyStars
2324,sunmostsafari
2325,UGgreenchics
2326,elmasudi
2327,rogernzonzila
2328,Kabasky2
2329,natureawards256
2330,AardowolfA
2331,lafexsafariske
2332,U_WildSafaris
2333,danstan_mi
2334,NicholasAmbro17
2335,AmosTheGuide
2336,TujyeKunywa
2337,boatmarinelife
2338,Gael_RVW
2339,shammah_blessed
2340,mOQIl
2341,Tanzaniajoytour
2342,amazon4amazon
2343,BruhanMp
2344,ketsha243
2345,MusaMagumbaUG
2346,KivuBeauty
2347,restoreforward
2348,SEROntario
2349,prof_smurph
2350,RJLilley
2351,TimChristo
2352,TEssolomwa
2353,JoelMerva
2354,Know_Ke
2355,VivianeNabuholo
2356,IyemoLucien
2357,GbaligazaC
2358,JeremieMubaKaye
2359,AfricaEventsTra
2360,KennethKorir
2361,GomaTownRdc
2362,JosMaria1966
2363,Oyo_GuyAmaRo
2364,AzzureNature
2365,JazAbaho
2366,LugamboBlog
2367,allanmzalendo
2368,RosetteRosemary
2369,pinnacleafrica1
2370,BotCongo
2371,martinkip4
2372,from_viewfinder
2373,donsoseme
2374,guy_mouofo
2375,CatherineSemcer
2376,Love_BiodivNews
2377,IvaNammanda
2378,EastInterior
2379,ChilobaCharles
2380,HappySafaris
2381,JeuneReflexion
2382,Panel_Experts
2383,innobuchu
2384,GlobalEtudiant
2385,BahiziSimba
2386,CongoInside
2387,Les_produitsRDC
2388,wetrektanzania
2389,w_kaveke
2390,africanhorizons
2391,CepjiR
2392,NAEE_UK
2393,Krugan116
2394,SasoUganda
2395,san7sim
2396,donglaa
2397,MargauxHein
2398,digitalke1
2399,audrey2kay
2400,Gem_Afaarie
2401,LemmAgina
2402,gusmac2
2403,Habumukiza1E
2404,SDinPraxis
2405,of_snp
2406,SixDegreesNews
2407,UNBiodiversity
2408,JoeOdhiambo9
2409,anesh_parvatha
2410,marleysafi
2411,AtuaEnkopAfrica
2412,HappyCommunityK
2413,EllyanneCGithae
2414,Narach_Be
2415,1Minute4Earth
2416,VOnyango_
2417,wes_kibet
2418,Ondivoh
2419,ongeri_exp
2420,Jack7Adonis
2421,ShelaPatrickson
2422,_remotejobs_
2423,mountkenyatrust
2424,SimonCocking
2425,PeteDowson
2426,UNCCDcso
2427,seaestlavie
2428,Theressa_Frantz
2429,DustyRest
2430,KileleClimb
2431,Hamadiningaa
2432,GeosafarisA
2433,LerionkaTz
2434,achileeslukonge
2435,BrightonKaoma
2436,natocho_
2437,kucruttralala
2438,omondipeter01
2439,lets_drift
2440,EinsteinRising
2441,KijanaNderitu
2442,PacioJanse
2443,DOMINGUEZLM
2444,AndrewDoherty13
2445,loizmugabo338
2446,Nachilala
2447,aruhweza
2448,Jalwee
2449,MeettheWorldPR
2450,ToursByCharles
2451,danielduwa
2452,OkaySafaris
2453,Zuchinni16
2454,enock_wak
2455,zaidyoceans
2456,mumbi_maina
2457,UNEP_Europe
2458,BeniteAsifiwe
2459,MuthaigaTravel
2460,patuhaire
2461,GwiliGibbon
2462,ASABeducation
2463,HikersAfrique
2464,L_Moretti_Foto
2465,BritexTours
2466,ssemambotours
2467,Atemop
2468,wildlife__pics
2469,SafariDMC
2470,MillenniumTour_
2471,KilimanjaroTan1
2472,akilimalisaleh
2473,TravelCoBlogger
2474,LearningQgis
2475,GalinierPierre
2476,Blueprintujamaa
2477,Am_krysha
2478,wotegroup
2479,wildlifedirect
2480,wild_camp_ug
2481,BESNet_UNDP
2482,travel_thrills
2483,Winniesphealth
2484,AfricaAdventur4
2485,Noble30879886
2486,LubnaQaryouti
2487,KaranjawaNgigi
2488,CulSafaris
2489,globe_gates
2490,Pierremwase
2491,TanzaniaDestin1
2492,kiboshotours
2493,Nyamwanda
2494,VisitDiani
2495,RahadiaSabwa
2496,lorisinsley
2497,William22997571
2498,SDGMediaZone
2499,ManouAelmans
2500,PeterHarrisGRID
2501,CollinsC4321
2502,JorgeAlvarezAl5
2503,ghanaleaksblog
2504,aufnahmen_
2505,TemboMiracle
2506,JuanFCorreaS
2507,Akhil14June
2508,maryia_kukh
2509,BirdWatchingMy
2510,AJStream
2511,FemiOke
2512,researchmrx
2513,HabBradley
2514,rngure
2515,BusomokeJesse
2516,gilologi
2517,ExploreAmadeus
2518,Wull_clothes
2519,KidsForlifeKen1
2520,SDGs_thinktank
2521,Its_Jaymo
2522,FidelNganga
2523,sarahkimani
2524,_culture_bot
2525,CCiiru
2526,KevinElvis9
2527,MabiroProperty
2528,rauecotourism
2529,NatCap_Irl
2530,jorgelaguna
2531,colinandjo1
2532,africandiurnal
2533,bakora_moses
2534,trafirikenya
2535,ShirleyTrundle
2536,safariwithselle
2537,JosephS97716440
2538,VjayEswaran
2539,shawan_c
2540,UNEPDTU
2541,ThomsonFiji
2542,MakiniSwing
2543,sanzi_jamieh
2544,MaconDunnagan
2545,BethEden_
2546,GemmyLontoc
2547,unepnyo
2548,ICSD_Conf
2549,UNSDSN
2550,GinieLap
2551,ExploreKE
2552,smitasingh85
2553,j_elkanah
2554,BirdsKenya
2555,ElvinaMajiwa
2556,guitarfishmasum
2557,ICCB2021
2558,africhoice
2559,power_african
2560,CleanCookingKe
2561,KennedyMacaria
2562,KabiriStella
2563,josephkowino
2564,WendyOmanga
2565,abgwaandu
2566,OumaTedy
2567,GeorgSchoener
2568,junglefruits
2569,AedenKaggwa
2570,Adilissah2020
2571,AusAmbEnviro
2572,etaylorjay
2573,Kyaruzi8
2574,Locham_David
2575,SmartEnergyCncl
2576,AusHCKenya
2577,GathangaWanjiru
2578,DennisstephenK
2579,akams_
2580,secoafrica
2581,GreenPInt
2582,evanceokoth14
2583,Just_praiz
2584,EACREEE4EA
2585,PSF_Uganda
2586,BiogasFlexi
2587,CEMSecretariat
2588,mwalimu001
2589,ForestsMatter
2590,AfroDendro
2591,victormuhizi
2592,umashumi92
2593,tgiflow_
2594,MFulchiron
2595,TinyikoHalimani
2596,rfsarmiento13
2597,lawinowiecki
2598,AidaBargues
2599,grateful1738
2600,RegreenAfrica
2601,xuVn1OgFGaCpvDQ
2602,VINEsanctuary
2603,BrogdonRalph
2604,ChegeJoys
2605,CIFOR
2606,ICRAF
2607,GlobalLF
2608,adetulaolaoluwa
2609,Charles_Tellier
2610,NathalieSeddon
2611,suechomba
2612,nkindinkindi
2613,oneacrefundRW
2614,galimogle_ig
2615,RajabHassan_
2616,mishonoapparel
2617,infocaribstip
2618,MiltonOboka
2619,partnersrcn
2620,NatureBasedSols
2621,sssaaka
2622,WycliffeMaina7
2623,ChristineMagaju
2624,FMNRHub
2625,Focali_se
2626,SIANIAgri
2627,Tweetbotke
2628,tsavolifestyle
2629,magdalenaruizm
2630,PurpleSharz
2631,husain_shaz
2632,Raezartshub
2633,eco2libriumllc
2634,PMugoMugo
